sequence,track_id,class_name,frames,first_frame,last_frame,mean_confidence,min_confidence,mean_area,max_center_jump_per_frame_px,mean_low_confidence_risk,mean_small_box_risk,mean_border_risk,mean_motion_jump_risk,mean_short_track_risk,mean_risk_score,max_risk_score,risk_rank,risk_level,id_switch_events,pred_detections,unmatched_detections,gap_count,has_id_switch,is_short_track,is_fragmented,unmatched_detection_rate
1,1087,car,1,324,324,0.358816534280777,0.358816534280777,5491.702662896365,0.0,0.641183465719223,0.9519417082146344,1.0,0.0,1.0,0.6506842080727326,0.6506842080727326,1,high,0,1,1,0,False,True,True,1.0
1,83,car,1,24,24,0.4054028391838074,0.4054028391838074,5021.106840610504,0.0,0.5945971608161926,0.9562335261768458,1.0,0.0,1.0,0.6398959954394173,0.6398959954394173,2,medium,0,1,1,0,False,True,True,1.0
1,565,car,1,167,167,0.437483549118042,0.437483549118042,2069.6458942862246,0.0,0.562516450881958,0.9831507500541652,1.0,0.0,1.0,0.6372592627313226,0.6372592627313226,3,medium,0,1,1,0,False,True,True,1.0
1,1258,car,1,374,374,0.5565695762634277,0.5565695762634277,3603.856109523911,0.0,0.4434304237365722,0.9691588048482312,1.0,0.0,1.0,0.6046893669037894,0.6046893669037894,4,medium,0,1,1,0,False,True,True,1.0
1,1162,car,1,348,348,0.6108458638191223,0.6108458638191223,3542.2899515843,0.0,0.3891541361808777,0.9697202861236622,1.0,0.0,1.0,0.5912325912699519,0.5912325912699519,5,medium,0,1,1,0,False,True,True,1.0
1,586,car,1,184,184,0.6918932795524597,0.6918932795524597,1789.3080115467296,0.0,0.3081067204475403,0.9857074220509232,1.0,0.0,1.0,0.5741681645220698,0.5741681645220698,6,medium,0,1,1,0,False,True,True,1.0
1,709,car,1,224,224,0.6960514187812805,0.6960514187812805,2872.165983802407,0.0,0.3039485812187195,0.975831794015646,1.0,0.0,1.0,0.5711535041078091,0.5711535041078091,7,medium,0,1,1,0,False,True,True,1.0
1,66,car,2,20,21,0.571318119764328,0.5117881298065186,2150.804455780657,5.656606680200923,0.428681880235672,0.9824105867218238,1.0,0.0428976305099489,0.5,0.5393769950307701,0.5654066685631574,9,medium,0,2,0,0,False,True,True,0.0
1,642,car,2,216,221,0.5829432308673859,0.5089663863182068,1799.2903011149035,1.455844558265877,0.4170567691326141,0.9856163839081182,1.0,0.0110405912009054,0.5,0.5291476168650036,0.5507047863252211,10,medium,0,2,1,4,False,True,True,0.5
1,146,car,4,43,68,0.5183996111154556,0.4676924347877502,7048.818935164249,8.378591584711044,0.4816003888845444,0.9377408605443138,1.0,0.0452791740605504,0.25,0.5067680628451364,0.5287446994812629,12,medium,0,4,4,22,False,False,True,1.0
1,400,car,3,113,137,0.6410780946413676,0.5830422639846802,3981.681850930908,5.482837838479446,0.3589219053586324,0.9657130468819156,1.0,0.0312493083117748,0.3333333333333333,0.490685412793985,0.5186652959777817,13,medium,0,3,3,22,False,True,True,1.0
1,578,car,1,174,174,0.4294444024562835,0.4294444024562835,1647.5356519455115,0.0,0.5705555975437164,0.9870003811692726,0.0,0.0,1.0,0.4900389756197836,0.4900389756197836,14,medium,0,1,1,0,False,True,True,1.0
1,218,car,6,70,97,0.5749095479647318,0.4870486259460449,2409.1853268646323,7.407045521944852,0.4250904520352681,0.9800541619277752,1.0,0.0493988220864785,0.1666666666666666,0.4896331509159917,0.5250560446470252,15,medium,0,6,1,22,False,False,True,0.16666666666666666
1,28,car,1,14,14,0.441349446773529,0.441349446773529,1060.423022274858,0.0,0.558650553226471,0.9923548284689152,0.0,0.0,1.0,0.4881336040004008,0.4881336040004008,16,medium,0,1,1,0,False,True,True,1.0
1,555,car,2,165,166,0.7772106826305389,0.7373062968254089,5318.989748787136,6.217281563403807,0.222789317369461,0.9535168441422748,1.0,0.0471495831974198,0.5,0.4831880939701751,0.5051720806434514,17,medium,0,2,0,0,False,True,True,0.0
1,513,car,4,159,162,0.6377474814653397,0.5813702940940857,3236.917281982285,7.852794918092777,0.3622525185346603,0.9725052745287872,1.0,0.0405681588840434,0.25,0.4827062242604334,0.5080389301441545,19,medium,0,4,0,0,False,False,False,0.0
1,8,car,2,0,1,0.2977342456579208,0.2686603665351867,598.4401627350599,4.203166564977186,0.7022657543420792,0.996568096502566,0.0,0.0318752737232489,0.5,0.4578488763168452,0.4584146399055969,22,medium,0,2,2,0,False,True,True,1.0
1,268,car,2,83,87,0.7667247354984283,0.6531490683555603,25277.905529486947,10.40657470642311,0.2332752645015716,0.7714922081440481,1.0,0.0789196459765985,0.5,0.4573471692483521,0.4825143376659869,23,medium,1,2,1,3,True,True,True,0.5
1,1156,car,5,346,350,0.5872646510601044,0.4790160655975342,5554.016112240123,28.674990695675003,0.4127353489398956,0.9513734116669053,0.4,0.2763324900324168,0.2,0.4525416420764592,0.5940986021595951,25,medium,0,5,0,0,False,False,False,0.0
1,149,car,2,44,47,0.3104894310235977,0.2876147031784057,597.858061193489,0.6003503666749104,0.6895105689764023,0.996573405248912,0.0,0.0045528370031939,0.5,0.4478305325446814,0.4546145872522712,26,low,0,2,2,2,False,True,True,1.0
1,595,car,2,190,191,0.321456715464592,0.278246134519577,2575.261607110266,3.455688667674664,0.678543284535408,0.9785395518762172,0.0,0.026206675486594,0.5,0.4468954003807439,0.4643792650247759,27,low,0,2,2,0,False,True,True,1.0
1,229,car,2,73,74,0.3223743289709091,0.28026282787323,526.1903369929641,0.7509245304156145,0.6776256710290909,0.9972270124665462,0.0,0.0056947362381366,0.5,0.4452755043101162,0.457257944398444,28,low,0,2,2,0,False,True,True,1.0
1,1003,car,2,301,302,0.3754474818706512,0.3525391817092895,1644.3149039475252,6.910682385827537,0.6245525181293488,0.9870297542819416,0.0,0.0524080807308865,0.5,0.4416461005714471,0.4605262823098107,30,low,1,2,1,0,True,True,True,0.5
1,830,car,8,248,256,0.6358694955706596,0.5334376692771912,9250.898684311192,22.34707170087601,0.3641305044293403,0.9176579678069668,0.625,0.1946689963238469,0.125,0.4357314687496901,0.5106363496914681,32,low,0,8,3,1,False,False,True,0.375
1,1236,car,1,368,368,0.6259498596191406,0.6259498596191406,5195.937125820199,0.0,0.3740501403808594,0.9546390798964756,0.0,0.0,1.0,0.4344403510745099,0.4344403510745099,33,low,0,1,1,0,False,True,True,1.0
1,126,car,2,38,39,0.371421530842781,0.2667247951030731,1392.59572815895,1.9397515504801863,0.6285784691572189,0.9893254246404986,0.0,0.0147103643576371,0.5,0.4336872933068136,0.4636190395405739,35,low,0,2,0,0,False,True,True,0.0
1,433,car,1,134,134,0.656474769115448,0.656474769115448,1900.1413415074323,0.0,0.343525230884552,0.984696625835125,0.0,0.0,1.0,0.4328206328881629,0.4328206328881629,36,low,0,1,0,0,False,True,True,0.0
1,765,car,1,231,231,0.6722553968429565,0.6722553968429565,766.833175599575,0.0,0.3277446031570434,0.9950323579279812,0.0,0.0,1.0,0.4309426223748571,0.4309426223748571,37,low,1,1,0,0,True,True,True,0.0
1,6,car,7,0,10,0.8071057711328778,0.3745018243789673,45452.55071229075,52.08894748320803,0.1928942288671221,0.5875001273044506,0.8571428571428571,0.4529189903781339,0.1428571428571428,0.4289533302722041,0.6063093426187823,38,low,1,7,1,4,True,False,True,0.14285714285714285
1,45,car,7,17,23,0.4663906480584825,0.3543886244297027,5178.61513074139,24.081712443475364,0.5336093519415174,0.9547970559049734,0.2857142857142857,0.1553516164297245,0.1428571428571428,0.4274853675595195,0.5732088206604623,39,low,0,7,0,0,False,False,False,0.0
1,585,car,3,181,183,0.3163904945055643,0.2876496315002441,1889.44807047785,2.6619993545453497,0.6836095054944357,0.98479414810478,0.0,0.0175119120004926,0.3333333333333333,0.4222391839946881,0.4352405749189608,40,low,0,3,3,0,False,True,True,1.0
1,732,car,1,226,226,0.6959338188171387,0.6959338188171387,3880.849233713001,0.0,0.3040661811828613,0.9666326369361804,0.0,0.0,1.0,0.4193430726829514,0.4193430726829514,41,low,0,1,1,0,False,True,True,1.0
1,721,car,11,226,236,0.8361586792902513,0.46997931599617,9109.001688809449,16.102353164736847,0.1638413207097487,0.918952063600508,1.0,0.1062678452274937,0.0909090909090909,0.4149540678407758,0.5484002710524263,44,low,0,11,11,0,False,False,False,1.0
1,1079,car,3,321,323,0.4001002808411916,0.3465493321418762,844.76086027765,7.038687323549011,0.5998997191588084,0.9943216600827892,0.0,0.0577683822964994,0.3333333333333333,0.4132813573803848,0.4289637991817197,45,low,0,3,3,0,False,True,True,1.0
1,1287,car,3,386,388,0.3836661477883656,0.3083211183547973,681.2376416244855,4.25374384389209,0.6163338522116343,0.9958129862990852,0.0,0.0266829012545179,0.3333333333333333,0.4099167856263552,0.4290584588037206,47,low,0,3,3,0,False,True,True,1.0
1,757,car,16,230,248,0.6471969280391932,0.3484586477279663,8311.987089984816,32.5261342478281,0.3528030719608068,0.9262208097503672,0.25,0.3414793844092588,0.0625,0.4056897760425899,0.5188986469786492,48,low,0,16,0,3,False,False,True,0.0
1,1173,car,3,351,353,0.4481628040472666,0.3789352774620056,1599.410880363702,8.826136182548046,0.5518371959527334,0.9874392774563218,0.0,0.066973028564882,0.3333333333333333,0.4021904116206682,0.4189095983657795,50,low,1,3,1,0,True,True,True,0.3333333333333333
1,7,car,3,0,2,0.4149235884348551,0.322836309671402,532.8814809353398,3.665106879221068,0.5850764115651449,0.9971659894603916,0.0,0.0234824014791762,0.3333333333333333,0.4015729011531586,0.4184837739756692,51,low,0,3,0,0,False,True,True,0.0
1,884,car,9,266,277,0.5375939673847623,0.2898313403129577,4169.265053712866,22.23877965069196,0.4624060326152377,0.9640022944251722,0.1111111111111111,0.2351200165716594,0.1111111111111111,0.4005153045150921,0.6070630815143991,52,low,0,9,9,3,False,False,True,1.0
1,102,car,5,30,37,0.3474203705787658,0.3105136454105377,697.322600120306,3.837747442205065,0.6525796294212342,0.995666292022331,0.0,0.0287204479375964,0.2,0.3994582777441738,0.4112961502058826,53,low,0,5,2,3,False,False,True,0.4
1,591,car,40,186,225,0.5358497351408005,0.3368790745735168,2313.779566469656,51.06078106316708,0.4641502648591995,0.980924259231599,0.0,0.3255205482945411,0.025,0.3973525551347549,0.5061173374085791,54,low,0,40,20,0,False,False,False,0.5
1,9,car,9,0,27,0.5545946988794539,0.2622166574001312,5049.973333207063,23.35384123966048,0.4454053011205461,0.9559702647419476,0.2222222222222222,0.1738981050697154,0.1,0.3943532378292883,0.517153864374271,56,low,0,9,9,19,False,False,True,1.0
1,1335,car,2,407,408,0.6016272008419037,0.5328497886657715,2800.090180843837,11.500519479890285,0.3983727991580963,0.976489122897734,0.0,0.0872157219358373,0.5,0.3916949548530302,0.3960572403887407,57,low,0,2,2,0,False,True,True,1.0
1,339,car,9,100,108,0.7531845768292745,0.584743320941925,9276.376140026588,41.352409858082446,0.2468154231707255,0.9174256142736532,0.1111111111111111,0.4511562691177659,0.1111111111111111,0.3913113792601868,0.5387332033385055,58,low,1,9,7,0,True,False,False,0.7777777777777778
1,1299,car,7,390,403,0.3547817042895725,0.2562345862388611,1180.9597221169893,1.9720814009540115,0.6452182957104274,0.9912555378484093,0.0,0.0137477006485766,0.1428571428571428,0.3844211780880043,0.4073507585156917,61,low,0,7,7,7,False,False,True,1.0
1,232,car,12,75,86,0.6423060745000839,0.3062388002872467,18095.050674738963,45.39046270697844,0.3576939254999161,0.8369996011672654,0.1666666666666666,0.3556517625444908,0.0833333333333333,0.3832363422445548,0.4639155924205874,62,low,0,12,0,0,False,False,False,0.0
1,252,car,12,80,106,0.6358417173226675,0.3182418048381805,10311.255931251371,41.7611485823512,0.3641582826773326,0.907987545624565,0.1666666666666666,0.2843817099355736,0.0833333333333333,0.3812325072781395,0.4952283470258465,63,low,1,12,6,15,True,False,True,0.5
1,1221,car,7,365,371,0.3799743396895271,0.310892105102539,768.3558035499548,3.698449553501303,0.6200256603104728,0.9950184716126388,0.0,0.0210744231587063,0.1428571428571428,0.3807072866183939,0.4067847792658381,64,low,0,7,7,0,False,False,False,1.0
1,1134,car,5,338,342,0.4175269067287445,0.3125713169574737,1003.7505708958956,2.873687263044731,0.5824730932712555,0.9928716793062417,0.0,0.0243180716187346,0.2,0.3802721270837458,0.4114088112281038,65,low,0,5,1,0,False,False,False,0.2
1,171,car,5,50,54,0.4294792830944061,0.3218533098697662,967.029259541258,2.544596116745681,0.5705207169055939,0.9932065764222048,0.0,0.0244632407859783,0.2,0.377387304707334,0.4078588650804909,66,low,1,5,0,0,True,False,False,0.0
1,1,car,5,0,4,0.8517598986625672,0.8106634020805359,61189.92652912289,40.38675952720087,0.1482401013374328,0.4439757928114812,1.0,0.2850698559470666,0.2,0.3771226478834211,0.5175442844376545,67,low,0,5,0,0,False,False,False,0.0
1,628,car,34,210,243,0.8327515177866992,0.4788001775741577,15912.941704039244,56.63733013832898,0.1672484822133008,0.8569003610814973,0.2352941176470588,0.4894705634638192,0.0294117647058823,0.3752657159885206,0.5173265262205315,68,low,0,34,8,0,False,False,False,0.23529411764705882
1,897,car,18,269,286,0.7687007006671693,0.4414007365703583,11847.09151671669,54.77840312585445,0.2312992993328306,0.8939807770971994,0.2777777777777778,0.3530169307803103,0.0555555555555555,0.3748752129477251,0.5572666071823935,69,low,1,18,14,0,True,False,False,0.7777777777777778
1,1208,car,33,363,395,0.7518673214045438,0.3881610035896301,10620.325873371094,44.12039309085049,0.2481326785954562,0.9051688382192892,0.1212121212121212,0.4357376943947587,0.0303030303030303,0.3747286336186842,0.4952214337628784,70,low,0,33,0,0,False,False,False,0.0
1,1125,car,7,333,343,0.4450531601905823,0.2878456711769104,977.1031126873568,9.468349472342853,0.5549468398094177,0.9931147032226698,0.0,0.0771711541116483,0.111111111111111,0.3733191057914671,0.4044562218508078,71,low,0,7,4,4,False,False,True,0.5714285714285714
1,1041,car,5,313,319,0.5023054838180542,0.422213464975357,760.0742716316137,8.236808400516408,0.4976945161819458,0.9950939989032744,0.0,0.0754459220596237,0.2,0.3723039093410473,0.3943599967963122,73,low,0,5,5,2,False,False,True,1.0
1,331,car,13,98,112,0.6843717694282532,0.504930317401886,10487.003847382675,39.583224796082526,0.3156282305717468,0.9063847305812658,0.1538461538461538,0.3058429435340125,0.0769230769230769,0.3712601242580776,0.4636398614724756,74,low,0,13,4,2,False,False,True,0.3076923076923077
1,942,car,7,285,294,0.4586760316576276,0.3205183446407318,508.5873427175512,9.260766003887046,0.5413239683423724,0.997387551178201,0.0,0.0599239500468279,0.1428571428571428,0.3712180612615117,0.4067234961003849,75,low,0,7,7,3,False,False,True,1.0
1,929,car,6,281,327,0.4567473779122035,0.3006933629512787,510.2504414337059,9.143089916446671,0.5432526220877966,0.9973723837742318,0.0,0.0347347549067622,0.1666666666666666,0.368971321003486,0.4033120203607153,76,low,1,6,4,41,True,False,True,0.6666666666666666
1,215,car,10,69,78,0.5763482123613357,0.4685280621051788,4041.5754937522106,25.97364201225018,0.4236517876386642,0.9651668188877228,0.0,0.2190450748762917,0.1,0.3687075794062835,0.4111069914934401,77,low,0,10,10,0,False,False,False,1.0
1,536,car,21,161,182,0.7621580007530394,0.4458805620670318,7502.0296613065775,31.67969412067985,0.2378419992469606,0.9336075940701738,0.5238095238095238,0.1425284193410044,0.0476190476190476,0.3675284091753117,0.4455289057847121,78,low,0,21,10,1,False,False,True,0.47619047619047616
1,101,car,12,30,44,0.4221706961592038,0.3140450119972229,795.6049291783711,5.836644273142431,0.5778293038407961,0.9947699605097168,0.0,0.0449499304333923,0.0833333333333333,0.3671488006704905,0.386968123197103,79,low,0,12,12,3,False,False,True,1.0
1,217,car,9,70,78,0.8855653471416898,0.8074551820755005,20928.70199059152,45.66765546556908,0.1144346528583102,0.8111567971301478,0.3333333333333333,0.4170425764247809,0.1111111111111111,0.361767333413469,0.4207137319087407,80,low,0,9,0,0,False,False,False,0.0
1,1189,car,19,358,380,0.4314298268995787,0.3215336203575134,1092.9261925346952,5.116581093306433,0.5685701731004213,0.9920584006568866,0.0,0.0462378756168839,0.0526315789473684,0.3600084291528089,0.3943038330783938,81,low,0,19,19,4,False,False,True,1.0
1,206,car,12,66,77,0.7417707964777946,0.4391463100910187,19382.440856033976,38.607321092807744,0.2582292035222053,0.8252586463121666,0.25,0.3208697540402774,0.0833333333333333,0.359826468653054,0.4756558056259831,82,low,1,12,0,0,True,False,False,0.0
1,921,car,4,278,286,0.5194854065775871,0.4007200300693512,1318.946343092946,2.4726212673816206,0.4805145934224129,0.9899971045381156,0.0,0.016399532609754,0.25,0.3597279524156649,0.3852885591251404,83,low,0,4,2,5,False,False,True,0.5
1,1030,car,7,309,315,0.5106813311576843,0.3749141991138458,2331.8509994193114,10.9175248413255,0.4893186688423157,0.9807594483750988,0.0,0.0769448615679401,0.1428571428571428,0.3591463437061551,0.3905890233644649,84,low,2,7,5,0,True,False,False,0.7142857142857143
1,1018,car,7,306,323,0.4991757784570966,0.290841281414032,688.8847882034524,8.471844890124958,0.5008242215429034,0.9957432445812608,0.0,0.0512930879200714,0.1428571428571428,0.3586065477105672,0.3999716432435315,85,low,0,7,7,11,False,False,True,1.0
1,148,car,20,44,67,0.6952765494585037,0.4314727187156677,9229.4764493484,43.0037992923769,0.3047234505414963,0.9178533378643492,0.15,0.2753121451170939,0.05,0.3585795664875174,0.4667905687440253,86,low,2,20,1,4,True,False,True,0.05
1,439,car,18,137,154,0.7790936099158393,0.5555564761161804,15060.18733478292,45.40712551803306,0.2209063900841607,0.8646774520500297,0.2777777777777778,0.3127578549879447,0.0555555555555555,0.3563515516780323,0.44019962831768,88,low,1,18,0,0,True,False,False,0.0
1,556,car,63,165,227,0.6483326984776391,0.3190938234329223,3876.2127792501674,65.5565192255571,0.3516673015223609,0.9666749212438648,0.0158730158730158,0.2803613058498551,0.0158730158730158,0.3561040408537317,0.5385994257407379,89,low,0,63,7,0,False,False,False,0.1111111111111111
1,343,car,17,100,116,0.4573937251287348,0.2814977467060089,777.1598843202433,7.075447739735018,0.5426062748712652,0.9949381786941696,0.0,0.0505145698139105,0.0588235294117647,0.3560913763218926,0.4023665327291383,90,low,0,17,9,0,False,False,False,0.5294117647058824
1,122,car,19,37,55,0.7282826665200686,0.406661719083786,11786.547547927195,43.81755156664294,0.2717173334799315,0.8945329360421984,0.1578947368421052,0.3099694126667133,0.0526315789473684,0.3559072211135219,0.4321908291809224,91,low,0,19,0,0,False,False,False,0.0
1,372,car,19,106,124,0.7303678942354102,0.4540788829326629,12458.386452296598,51.86233784020588,0.2696321057645898,0.888405787986614,0.1578947368421052,0.3100450157693478,0.0526315789473684,0.3541793853492282,0.4191220836606236,92,low,0,19,0,0,False,False,False,0.0
1,121,car,13,36,48,0.4363707624948941,0.3742304146289825,701.1875687396296,1.3099763235164303,0.5636292375051059,0.9956310436394126,0.0,0.0095609365863771,0.0769230769230769,0.3539622137892148,0.368596038670549,93,low,0,13,0,0,False,False,False,0.0
1,444,car,17,141,157,0.7940065019270953,0.4868944883346557,22262.694038429352,48.38618976691971,0.2059934980729047,0.7989908348303812,0.3529411764705882,0.3235758164495852,0.0588235294117647,0.3539552014790517,0.4901033303516132,94,low,0,17,0,0,False,False,False,0.0
1,428,car,21,130,151,0.7366292575995127,0.3864573836326599,21675.28957034936,46.39111662595321,0.2633707424004872,0.8043479436864338,0.2857142857142857,0.3089067808918078,0.0476190476190476,0.3539389695603605,0.5603492368872005,95,low,1,21,1,1,True,False,True,0.047619047619047616
1,1005,car,26,301,326,0.6772991716861725,0.2986180782318115,10772.11556812651,54.82520121780391,0.3227008283138275,0.9037845213435772,0.1538461538461538,0.2523452817066363,0.0384615384615384,0.3533645856199852,0.4486112127611454,97,low,2,26,20,0,True,False,False,0.7692307692307693
1,130,car,23,39,71,0.6700539666673412,0.3113909661769867,12643.252206779436,61.52380964910413,0.3299460333326589,0.8867198185663302,0.1304347826086956,0.2696270968994648,0.0434782608695652,0.3533242027930361,0.5300115707297494,98,low,1,23,2,10,True,False,True,0.08695652173913043
1,959,car,23,290,318,0.7980232459047566,0.4143268167972564,25335.62263102437,49.40148644302428,0.2019767540952433,0.7709658301326543,0.4347826086956521,0.3075308793723535,0.0434782608695652,0.3533092048282127,0.4773164071146665,99,low,3,23,0,6,True,False,True,0.0
1,868,car,23,260,282,0.7489638730235721,0.4650614857673645,15550.079220669584,53.98125822587223,0.2510361269764278,0.8602096546412529,0.2608695652173913,0.2902131572899594,0.0434782608695652,0.3530064259078909,0.5258497652426967,100,low,1,23,1,0,True,False,False,0.043478260869565216
1,153,car,30,45,75,0.6297224730253219,0.3416622877120971,9932.126912053054,37.172231686742165,0.370277526974678,0.911445189440201,0.1333333333333333,0.2115784978007559,0.0333333333333333,0.3527530440818987,0.458755293248233,101,low,0,30,0,1,False,False,True,0.0
1,328,car,20,96,115,0.7169123068451881,0.3124955594539642,17831.1677504573,56.83307737597913,0.2830876931548118,0.839406204500146,0.2,0.3059608489663956,0.05,0.352643376430331,0.5078082080887377,102,low,0,20,0,0,False,False,False,0.0
1,847,car,7,253,287,0.4953817895480564,0.403003990650177,322.6243032248959,2.4492900089779748,0.5046182104519435,0.999083527800614,0.0,0.0196778042395367,0.1428571428571428,0.3523192806615643,0.3706775737660271,103,low,1,7,3,28,True,False,True,0.42857142857142855
1,16,car,37,6,44,0.5865887637073929,0.2701895534992218,12789.713005164283,54.47500346681086,0.413411236292607,0.8853841010450513,0.1351351351351351,0.1901407789439502,0.027027027027027,0.3522891483424739,0.497917932264612,104,low,1,37,0,2,True,False,True,0.0
1,354,car,19,103,121,0.7708148344566947,0.4626153707504272,19816.26866776168,52.700577058127855,0.2291851655433052,0.8213021513610729,0.2631578947368421,0.3323819392367954,0.0526315789473684,0.3520206275198713,0.503506811352469,105,low,0,19,1,0,False,False,False,0.05263157894736842
1,457,car,80,150,234,0.7257387716323137,0.2594712376594543,25846.08844422824,64.15007015020656,0.2742612283676863,0.766310399203494,0.4375,0.2477424038978486,0.0117647058823529,0.3511526937894355,0.5416619277589577,106,low,0,80,80,5,False,False,True,1.0
1,244,car,23,79,106,0.7148931389269622,0.4527355134487152,8829.272691848962,54.41693421227807,0.2851068610730378,0.921503182579582,0.1304347826086956,0.2776009101716822,0.0434782608695652,0.3510645358488355,0.4580533823751752,107,low,0,23,1,5,False,False,True,0.043478260869565216
1,1186,car,5,357,361,0.6083555936813354,0.4915434122085571,2626.418150700908,16.769378346106773,0.3916444063186645,0.9780730059311205,0.0,0.1092191718932494,0.2,0.3508304957392026,0.3737338107270456,108,low,0,5,5,0,False,False,False,1.0
1,413,car,17,120,136,0.8113168232581195,0.503747820854187,22958.1919499725,57.13518893995901,0.1886831767418805,0.7926479174306,0.2941176470588235,0.3680743783696419,0.0588235294117647,0.3506601487345889,0.5081836307644703,109,low,0,17,1,0,False,False,False,0.058823529411764705
1,839,car,43,251,364,0.5804849911567777,0.2772528529167175,6099.42633814301,57.15399938393266,0.4195150088432223,0.9463992888773454,0.0930232558139534,0.1493288493226507,0.0217391304347826,0.3487051802542477,0.5422503125561876,110,low,0,43,9,71,False,False,True,0.20930232558139536
1,1141,car,4,342,345,0.5998905450105667,0.500708281993866,1580.1305252249592,5.572081209230451,0.4001094549894333,0.9876151136422452,0.0,0.0534525600654371,0.25,0.3484135264921666,0.3808920769704635,111,low,0,4,0,0,False,False,False,0.0
1,261,car,22,81,102,0.7625749923966147,0.4260849952697754,9519.920575247266,50.76820711287116,0.2374250076033852,0.9152044972722324,0.1818181818181818,0.2872469305371499,0.0454545454545454,0.3482997930804893,0.4945504125675198,112,low,0,22,4,0,False,False,False,0.18181818181818182
1,1009,car,20,302,321,0.7687122628092766,0.4744605720043182,13609.9071484632,52.91516538589299,0.2312877371907234,0.8779039582345771,0.2,0.3088770903999563,0.05,0.3481219985445853,0.4346562939987237,113,low,0,20,11,0,False,False,False,0.55
1,828,car,25,248,284,0.4631881725788116,0.2946248650550842,594.905346379578,4.865013420284286,0.5368118274211884,0.9966003339080192,0.0,0.0288572526168951,0.04,0.3467373367911247,0.3895143454994657,114,low,0,25,17,12,False,False,True,0.68
1,1054,car,7,315,341,0.7466650605201721,0.6025522947311401,8228.142115448203,19.72547577574568,0.2533349394798279,0.926985473078676,0.1428571428571428,0.2161115968077639,0.1428571428571428,0.3456158715447759,0.4923918282786,115,low,1,7,1,20,True,False,True,0.14285714285714285
1,5,car,15,0,14,0.8268147428830465,0.5663512349128723,17149.021054336055,63.19635197806061,0.1731852571169535,0.8456273592674272,0.2,0.3701295521238249,0.0666666666666666,0.34495417416368,0.5421744123123858,116,low,0,15,0,0,False,False,False,0.0
1,1165,car,17,349,373,0.7698518178042244,0.4105129837989807,15977.191966185705,55.38319648662492,0.2301481821957756,0.8563144008665988,0.2352941176470588,0.2834708389961289,0.0588235294117647,0.3437852825301195,0.5242295661383352,117,low,1,17,2,8,True,False,True,0.11764705882352941
1,195,car,20,63,82,0.7339244931936264,0.5169938802719116,11267.31759618395,39.43635655531473,0.2660755068063736,0.8992682956180342,0.15,0.269649457239861,0.05,0.3437849001351655,0.4428407914827373,118,low,0,20,2,0,False,False,False,0.1
1,24,car,39,12,50,0.6171708618983244,0.3231328427791595,8984.863145092038,44.97803307995051,0.3828291381016755,0.9200842029151776,0.1025641025641025,0.1759651145377449,0.0256410256410256,0.3429461729736598,0.4451828944183921,119,low,0,39,2,0,False,False,False,0.05128205128205128
1,761,car,31,231,261,0.7568314056242665,0.392869234085083,15525.245937616191,45.46338627807497,0.2431685943757334,0.8604361333417044,0.1935483870967742,0.3006945021425173,0.032258064516129,0.3419239685398391,0.4697860969218446,120,low,0,31,1,0,False,False,False,0.03225806451612903
1,931,car,30,281,328,0.6689830054839452,0.3348570764064789,12995.183005806928,50.59745597860692,0.3310169945160547,0.8835102215975665,0.1666666666666666,0.2083549594292885,0.0333333333333333,0.3415450328058492,0.4885462365854135,121,low,1,30,17,18,True,False,True,0.5666666666666667
1,398,car,33,113,148,0.6501666135860212,0.350503921508789,10886.990374165196,41.44695257189893,0.3498333864139788,0.9027368670028147,0.1212121212121212,0.2021327911372839,0.0303030303030303,0.3412661905156513,0.4102240316443842,122,low,0,33,0,3,False,False,True,0.0
1,946,car,43,286,334,0.6201624502969343,0.2774341404438019,10069.209881908326,51.85586219352383,0.3798375497030657,0.9101949973975256,0.1162790697674418,0.1666648274004598,0.0232558139534883,0.339594826313526,0.4815525094783227,123,low,2,43,11,6,True,False,True,0.2558139534883721
1,916,car,31,275,313,0.485182810214258,0.2806636691093445,1370.8515745446143,5.650130261483338,0.514817189785742,0.9895237305850813,0.0,0.0307640961348463,0.032258064516129,0.3391387772745827,0.3884928502232505,124,low,0,31,28,8,False,False,True,0.9032258064516129
1,183,car,39,59,97,0.6208306054274241,0.3163459300994873,7701.790950887914,45.896586541987,0.3791693945725758,0.931785777874239,0.0769230769230769,0.1658883160782052,0.0256410256410256,0.3380061986221584,0.4080285323980348,125,low,0,39,5,0,False,False,False,0.1282051282051282
1,964,car,22,291,317,0.7577634521506049,0.3674537241458893,13843.161122656003,40.63203443628914,0.242236547849395,0.8757766898892374,0.2272727272727272,0.243229759082252,0.0454545454545454,0.3374310056198502,0.4432098040475715,126,low,1,22,16,5,True,False,True,0.7272727272727273
1,256,car,37,81,130,0.6550374554621207,0.2745093405246734,12081.93568813914,53.32966556735273,0.3449625445378793,0.8918390062069782,0.1351351351351351,0.1901966901185974,0.027027027027027,0.3364819342298392,0.4856286323613638,127,low,0,37,11,13,False,False,True,0.2972972972972973
1,1078,car,27,321,347,0.7474624934019866,0.5347091555595398,10116.62068581806,45.233801525894926,0.2525375065980134,0.9097626124714666,0.1481481481481481,0.2538277131874938,0.037037037037037,0.3363216052184479,0.4386603528664502,128,low,0,27,3,0,False,False,False,0.1111111111111111
1,269,car,22,83,104,0.7219292277639563,0.435865044593811,11337.835064604496,36.62555839312316,0.2780707722360437,0.8986251786941591,0.1363636363636363,0.2372786204448246,0.0454545454545454,0.3358351111817762,0.4499020834883234,129,low,1,22,2,0,True,False,False,0.09090909090909091
1,1070,car,24,317,340,0.727018766105175,0.4097319543361664,18156.88267695881,48.40181793181341,0.272981233894825,0.8364356954010016,0.2083333333333333,0.2484221420524997,0.0416666666666666,0.3351379830670315,0.4723929412347253,130,low,1,24,0,0,True,False,False,0.0
1,870,car,29,262,290,0.7228656616704218,0.3806496560573578,10930.453983746816,54.27628299463369,0.2771343383295783,0.902340480355354,0.1379310344827586,0.2326943327967411,0.0344827586206896,0.3337873328181679,0.5064633674688379,131,low,1,29,0,0,True,False,False,0.0
1,2,car,6,0,15,0.8322786390781403,0.7240036725997925,19997.69578571152,34.24161216007494,0.1677213609218597,0.8196475421895185,0.1666666666666666,0.3086480267945905,0.1666666666666666,0.3330218553670163,0.4399562897299824,132,low,1,6,0,10,True,False,True,0.0
1,304,car,23,90,112,0.7892954401347948,0.5862296223640442,11213.572358754463,43.35112964205358,0.2107045598652051,0.8997584503632735,0.1739130434782608,0.2704575501269542,0.0434782608695652,0.3328509132228684,0.4361577114380482,133,low,1,23,0,0,True,False,False,0.0
1,52,car,26,18,43,0.7575981043852292,0.4973110556602478,10036.126641498342,43.734420781201806,0.2424018956147707,0.910496715429679,0.1538461538461538,0.2449931988595391,0.0384615384615384,0.332794270550667,0.4799695039058032,134,low,0,26,0,0,False,False,False,0.0
1,733,car,17,227,243,0.8148756307714126,0.6198523640632629,23650.01511005568,24.45129087600623,0.1851243692285874,0.786338513639686,0.5294117647058824,0.1611057700523308,0.0588235294117647,0.3320605316658138,0.4863791171161129,135,low,0,17,0,0,False,False,False,0.0
1,3,car,17,0,16,0.8009605583022622,0.5810383558273315,16060.949417021142,42.64357702775512,0.1990394416977377,0.8555505357514805,0.1764705882352941,0.3011383272626004,0.0588235294117647,0.3314486670374394,0.4167797586378247,136,low,0,17,0,0,False,False,False,0.0
1,305,car,30,90,119,0.7158503224452336,0.382624864578247,10786.873352667044,41.07660646508937,0.2841496775547663,0.9036499308483495,0.1333333333333333,0.2184595624541975,0.0333333333333333,0.3313822961719109,0.4095211381685664,137,low,0,30,0,0,False,False,False,0.0
1,180,car,31,56,86,0.7039898124433333,0.3524898886680603,12951.848397672748,65.93145836911697,0.2960101875566667,0.8839054317561954,0.1290322580645161,0.2223201785989033,0.032258064516129,0.3305572262772284,0.5303945189007344,138,low,1,31,0,0,True,False,False,0.0
1,989,car,21,299,323,0.7954192289284298,0.493754118680954,18986.36145934831,48.51723139468663,0.2045807710715702,0.8288708769964517,0.238095238095238,0.2799758841550215,0.0476190476190476,0.3297704820630811,0.4776825851463023,139,low,2,21,0,4,True,False,True,0.0
1,408,car,30,116,145,0.7393243501583735,0.3565045595169067,16052.354328849602,52.21901397536742,0.2606756498416265,0.8556289226645267,0.2,0.2335286014256729,0.0333333333333333,0.3296768473497302,0.5668660912207765,140,low,0,30,0,0,False,False,False,0.0
1,933,car,17,282,307,0.7432117777712205,0.4181811213493347,7686.227442157564,47.51225934589112,0.2567882222287795,0.9319277165467912,0.0588235294117647,0.2450634541434404,0.0588235294117647,0.3294955212259427,0.4093260987974462,141,low,2,17,14,9,True,False,True,0.8235294117647058
1,1093,car,22,325,346,0.7725283124230125,0.3742518723011017,18331.61974556397,47.7555100533928,0.2274716875769875,0.8348420992529079,0.2272727272727272,0.2582931827377103,0.0454545454545454,0.3293187283383469,0.4692486211341445,142,low,1,22,1,0,True,False,False,0.045454545454545456
1,820,car,23,245,267,0.7921020544093588,0.5893275737762451,18401.32505286003,48.27462570907856,0.2078979455906411,0.8342063892109836,0.217391304347826,0.2730571698562888,0.0434782608695652,0.3262104914865379,0.4779057047778626,144,low,0,23,0,0,False,False,False,0.0
1,362,car,29,105,133,0.7349438996150576,0.4493685960769653,12406.349020997352,38.73555934418296,0.2650561003849424,0.8888803675977812,0.1379310344827586,0.2198628274182507,0.0344827586206896,0.3248678744358718,0.4145411278453627,145,low,0,29,5,0,False,False,False,0.1724137931034483
1,810,car,56,243,301,0.6396160354571683,0.4071433842182159,11845.573137462005,38.08120872344368,0.3603839645428316,0.893994624664581,0.1428571428571428,0.1234574837822423,0.0172413793103448,0.3237740653393078,0.4692209407523671,146,low,0,56,1,3,False,False,True,0.017857142857142856
1,4,car,37,0,37,0.69986141533465,0.3929972350597381,7246.968963925334,43.59237321135322,0.30013858466535,0.9359337389924932,0.081081081081081,0.1756997497156192,0.027027027027027,0.3223625476099572,0.4233177391286922,147,low,0,37,0,1,False,False,True,0.0
1,142,car,24,43,66,0.7727185934782028,0.384774386882782,15383.241463027016,59.62585775209968,0.2272814065217971,0.8617312093408831,0.1666666666666666,0.2474098863052576,0.0416666666666666,0.3222690650749403,0.5245737286484696,148,low,1,24,3,0,True,False,False,0.125
1,1170,car,39,350,408,0.7118721214624552,0.2856543958187103,15467.416085736268,25.189068153812396,0.2881278785375448,0.8609635396324035,0.2051282051282051,0.1632936356284492,0.0256410256410256,0.3196634710833638,0.39654414019468,149,low,1,39,0,20,True,False,True,0.0
1,771,car,44,233,276,0.7366590005430308,0.3810718357563019,11479.170713070656,49.76180162656295,0.2633409994569691,0.8973362023665722,0.1136363636363636,0.1912853551447297,0.0227272727272727,0.3135783745782846,0.4821728553541953,150,low,1,44,0,0,True,False,False,0.0
1,909,car,62,273,342,0.6912596129602001,0.3933588564395904,5721.943709336952,47.6434756906494,0.3087403870397998,0.9498419176683602,0.064516129032258,0.1340098588417054,0.0161290322580645,0.3127527191975968,0.4280304441953223,151,low,1,62,0,8,True,False,True,0.0
1,899,car,42,270,316,0.7571994108813149,0.5033755898475647,9604.472737831416,46.33787944631082,0.242800589118685,0.9144333844128792,0.119047619047619,0.1831248197649302,0.0238095238095238,0.310796600532051,0.4758212112015745,152,low,1,42,3,5,True,False,True,0.07142857142857142
1,1169,car,72,349,426,0.7079950181974305,0.2956326901912689,11457.652158239436,30.159289762188926,0.2920049818025695,0.8975324508578928,0.1111111111111111,0.1284225602842083,0.0138888888888888,0.303363375693273,0.4349765368850337,153,low,1,72,1,6,True,False,True,0.013888888888888888
1,472,car,42,154,195,0.814946500318391,0.4326319396495819,9029.773672874064,19.007714556485247,0.185053499681609,0.91967462042273,0.238095238095238,0.1339710023315703,0.0238095238095238,0.3029767638735551,0.47749181147275,154,low,0,42,3,0,False,False,False,0.07142857142857142
