sequence,frame,image_name,track_id,class_id,class_name,confidence,x1,y1,x2,y2,latency_ms
0003,0,000000.png,1,2,car,0.9073740839958191,892.107177734375,205.17636108398438,1241.717041015625,369.6771545410156,41.71970899915323
0003,0,000000.png,2,2,car,0.39811885356903076,284.1353759765625,163.58799743652344,339.3882141113281,195.5200958251953,41.71970899915323
0003,0,000000.png,3,2,car,0.3424255847930908,289.05401611328125,164.17271423339844,327.4151916503906,195.0109405517578,41.71970899915323
0003,0,000000.png,4,2,car,0.3026794493198395,1218.5775146484375,189.41763305664062,1241.52197265625,207.8865509033203,41.71970899915323
0003,1,000001.png,1,2,car,0.9059864282608032,885.9987182617188,204.33509826660156,1237.7940673828125,369.7767639160156,15.321052000217605
0003,1,000001.png,2,2,car,0.3716106116771698,283.4788513183594,162.72711181640625,341.3602294921875,196.21234130859375,15.321052000217605
0003,2,000002.png,1,2,car,0.9158722758293152,875.573974609375,202.3031463623047,1236.3070068359375,371.79193115234375,12.596175001817755
0003,2,000002.png,3,2,car,0.5004493594169617,281.29498291015625,164.29241943359375,320.57745361328125,195.73243713378906,12.596175001817755
0003,3,000003.png,1,2,car,0.9356692433357239,866.5325317382812,202.1157989501953,1231.2803955078125,373.06390380859375,11.253327000304125
0003,3,000003.png,3,2,car,0.3750951290130615,274.8556213378906,165.88748168945312,314.6230163574219,197.65480041503906,11.253327000304125
0003,4,000004.png,1,2,car,0.9382500052452087,858.33642578125,201.4512176513672,1228.9793701171875,374.6014099121094,11.804238998593064
0003,4,000004.png,3,2,car,0.5310869216918945,271.9296875,165.22052001953125,315.87506103515625,199.59423828125,11.804238998593064
0003,5,000005.png,1,2,car,0.9386612176895142,850.675048828125,200.88409423828125,1225.6595458984375,375.0,11.595272000704426
0003,5,000005.png,3,2,car,0.6047130227088928,268.5806579589844,165.81056213378906,314.8659973144531,200.97157287597656,11.595272000704426
0003,6,000006.png,1,2,car,0.9429450631141663,842.8309326171875,199.7373046875,1223.0504150390625,375.0,13.885593998566037
0003,6,000006.png,3,2,car,0.6085134744644165,262.65380859375,169.16490173339844,308.6983642578125,202.7495574951172,13.885593998566037
0003,7,000007.png,1,2,car,0.9358866214752197,837.2091674804688,199.7662353515625,1217.9339599609375,374.1464538574219,11.30319399817381
0003,7,000007.png,3,2,car,0.6397889256477356,253.65811157226562,169.61863708496094,302.7854919433594,204.2562713623047,11.30319399817381
0003,8,000008.png,1,2,car,0.9230672121047974,817.067138671875,197.2875518798828,1203.2757568359375,373.99835205078125,11.721127000782872
0003,8,000008.png,3,2,car,0.5819490551948547,238.33030700683594,167.6680450439453,291.18426513671875,204.4178924560547,11.721127000782872
0003,9,000009.png,1,2,car,0.9247096180915833,795.7112426757812,195.421875,1180.0059814453125,371.8668518066406,11.839858001621906
0003,9,000009.png,3,2,car,0.5642399191856384,223.62686157226562,165.16212463378906,280.0272216796875,204.2135772705078,11.839858001621906
0003,10,000010.png,1,2,car,0.9078027009963989,784.10205078125,193.80198669433594,1148.3275146484375,361.7862854003906,11.163090999616543
0003,11,000011.png,1,2,car,0.8901293277740479,773.6129760742188,191.76315307617188,1119.888427734375,352.4189453125,10.574186002486385
0003,12,000012.png,1,2,car,0.9052499532699585,765.7079467773438,192.19400024414062,1094.6385498046875,346.0215759277344,10.647799001162639
0003,13,000013.png,1,2,car,0.9198846220970154,756.85693359375,191.26930236816406,1075.2423095703125,341.806884765625,10.639486998115899
0003,13,000013.png,3,2,car,0.5350559949874878,186.21961975097656,172.75323486328125,237.52008056640625,205.88206481933594,10.639486998115899
0003,14,000014.png,1,2,car,0.9280324578285217,752.7344970703125,190.24923706054688,1052.9033203125,333.51251220703125,10.990931001288118
0003,14,000014.png,3,2,car,0.6996533274650574,171.18565368652344,177.1596221923828,224.174560546875,210.0358428955078,10.990931001288118
0003,15,000015.png,1,2,car,0.919933021068573,749.7868041992188,190.69932556152344,1033.025390625,327.2791442871094,11.08947800094029
0003,15,000015.png,3,2,car,0.5156906247138977,158.5089111328125,179.5455780029297,213.4000701904297,212.27769470214844,11.08947800094029
0003,15,000015.png,12,2,car,0.4541130065917969,192.7715606689453,167.0868377685547,262.3374328613281,209.1534423828125,11.08947800094029
0003,16,000016.png,1,2,car,0.8923330307006836,748.5925903320312,190.32907104492188,1012.2977905273438,318.5450744628906,9.887920001347084
0003,16,000016.png,3,2,car,0.6116633415222168,143.9641876220703,180.00515747070312,203.87039184570312,214.5111083984375,9.887920001347084
0003,16,000016.png,12,2,car,0.5818682909011841,189.16941833496094,170.72750854492188,254.04608154296875,209.95152282714844,9.887920001347084
0003,16,000016.png,13,2,car,0.5358719825744629,132.85891723632812,174.05958557128906,254.41998291015625,213.744873046875,9.887920001347084
0003,17,000017.png,1,2,car,0.8918705582618713,745.3858032226562,188.93113708496094,994.2297973632812,310.99285888671875,9.52460299959057
0003,17,000017.png,3,2,car,0.714934766292572,127.79875946044922,180.02230834960938,191.46884155273438,215.56675720214844,9.52460299959057
0003,17,000017.png,12,2,car,0.6498057842254639,177.64981079101562,169.58169555664062,246.17251586914062,211.05506896972656,9.52460299959057
0003,18,000018.png,1,2,car,0.8813355565071106,738.9885864257812,188.23074340820312,979.387939453125,307.45501708984375,9.46998600193183
0003,18,000018.png,3,2,car,0.5966885089874268,109.97042083740234,181.0248260498047,177.6006317138672,217.63275146484375,9.46998600193183
0003,18,000018.png,12,2,car,0.4216904044151306,171.14370727539062,170.59910583496094,235.92178344726562,209.78440856933594,9.46998600193183
0003,19,000019.png,1,2,car,0.8909846544265747,734.5045776367188,187.5603790283203,966.4927368164062,304.10589599609375,9.549536000122316
0003,19,000019.png,3,2,car,0.5756825804710388,93.31245422363281,182.54910278320312,164.5558624267578,219.38389587402344,9.549536000122316
0003,19,000019.png,12,2,car,0.6071074604988098,158.95993041992188,169.6096649169922,227.51463317871094,211.21141052246094,9.549536000122316
0003,20,000020.png,1,2,car,0.902500331401825,732.2061767578125,187.2111358642578,952.1103515625,298.9949951171875,10.664421002729796
0003,20,000020.png,3,2,car,0.5556223392486572,69.38838958740234,183.6284637451172,144.26016235351562,221.54376220703125,10.664421002729796
0003,20,000020.png,12,2,car,0.5858470797538757,142.34068298339844,166.36660766601562,217.5536346435547,212.43106079101562,10.664421002729796
0003,21,000021.png,1,2,car,0.8976072072982788,728.62939453125,186.862548828125,937.7161254882812,294.3744201660156,10.587245000351686
0003,21,000021.png,3,2,car,0.6939030885696411,46.940223693847656,185.32518005371094,126.14002227783203,224.37057495117188,10.587245000351686
0003,21,000021.png,12,2,car,0.5753087401390076,128.6247100830078,169.86509704589844,202.79905700683594,215.4883270263672,10.587245000351686
0003,22,000022.png,1,2,car,0.8998697996139526,725.270263671875,187.81495666503906,924.5704345703125,291.4525146484375,10.924442001851276
0003,22,000022.png,3,2,car,0.7446683645248413,24.824155807495117,187.97994995117188,108.8727798461914,227.9293975830078,10.924442001851276
0003,22,000022.png,12,2,car,0.6189467906951904,115.21968841552734,171.5829315185547,192.1981658935547,218.72763061523438,10.924442001851276
0003,23,000023.png,1,2,car,0.8909626007080078,723.258056640625,188.57870483398438,912.014892578125,287.7037658691406,11.383930999727454
0003,23,000023.png,3,2,car,0.6158912777900696,3.4421346187591553,187.73187255859375,95.11795806884766,231.4012908935547,11.383930999727454
0003,23,000023.png,12,2,car,0.6007906198501587,89.94131469726562,167.88539123535156,175.12269592285156,220.70875549316406,11.383930999727454
0003,24,000024.png,1,2,car,0.869827151298523,721.1707763671875,187.7578887939453,899.3688354492188,282.02490234375,10.492260997125413
0003,24,000024.png,3,2,car,0.6282727718353271,0.0,186.3763885498047,82.89356994628906,232.9669189453125,10.492260997125413
0003,25,000025.png,1,2,car,0.8885378837585449,717.2614135742188,186.74468994140625,886.7640380859375,277.22222900390625,13.100781001412543
0003,25,000025.png,18,2,car,0.8021820187568665,1097.802978515625,253.3739013671875,1242.0,371.8436279296875,13.100781001412543
0003,25,000025.png,12,2,car,0.5224889516830444,67.59577941894531,174.2633819580078,141.66346740722656,220.8430633544922,13.100781001412543
0003,26,000026.png,1,2,car,0.9010613560676575,713.293701171875,187.0974884033203,875.36279296875,274.3517761230469,13.536523998482153
0003,26,000026.png,18,2,car,0.856744647026062,1069.7591552734375,225.8617401123047,1242.0,370.74188232421875,13.536523998482153
0003,26,000026.png,12,2,car,0.6709912419319153,34.39324951171875,177.83514404296875,109.10653686523438,223.09010314941406,13.536523998482153
0003,27,000027.png,1,2,car,0.9081475734710693,707.681396484375,186.30482482910156,866.163330078125,272.5185546875,13.352490997931454
0003,27,000027.png,18,2,car,0.8804695010185242,1042.7176513671875,204.01536560058594,1242.0,370.71697998046875,13.352490997931454
0003,27,000027.png,12,2,car,0.860665500164032,12.143350601196289,181.11666870117188,87.8011245727539,226.01564025878906,13.352490997931454
0003,28,000028.png,1,2,car,0.8930138945579529,704.0682373046875,187.16354370117188,856.017333984375,270.68060302734375,11.37799400021322
0003,28,000028.png,18,2,car,0.8747294545173645,1019.6044921875,188.46066284179688,1242.0,371.2418212890625,11.37799400021322
0003,28,000028.png,12,2,car,0.7688944935798645,0.0,184.63340759277344,70.95730590820312,228.2610321044922,11.37799400021322
0003,29,000029.png,1,2,car,0.9018259048461914,700.455810546875,188.5778045654297,844.2769165039062,268.1900329589844,10.637111998221371
0003,29,000029.png,18,2,car,0.9037333130836487,1002.1421508789062,181.6896209716797,1234.9945068359375,370.76495361328125,10.637111998221371
0003,29,000029.png,12,2,car,0.4607216715812683,0.0,184.84605407714844,57.414852142333984,230.78070068359375,10.637111998221371
0003,30,000030.png,1,2,car,0.8452807664871216,697.2133178710938,188.35098266601562,832.4600830078125,263.69244384765625,10.422209001262672
0003,30,000030.png,18,2,car,0.9051880836486816,983.8035888671875,177.40272521972656,1224.5345458984375,370.77325439453125,10.422209001262672
0003,31,000031.png,1,2,car,0.8938948512077332,691.069580078125,186.86305236816406,822.50830078125,260.7012023925781,11.47060500079533
0003,31,000031.png,18,2,car,0.9030430316925049,968.0232543945312,176.3759307861328,1215.0123291015625,371.5025939941406,11.47060500079533
0003,32,000032.png,1,2,car,0.8399383425712585,684.3657836914062,186.0255584716797,811.949951171875,258.3133850097656,10.400838000350632
0003,32,000032.png,18,2,car,0.9184904098510742,954.0090942382812,175.3593292236328,1207.5728759765625,371.53155517578125,10.400838000350632
0003,33,000033.png,1,2,car,0.9071943163871765,675.7907104492188,183.6012725830078,802.30029296875,256.2021179199219,11.683133001497481
0003,33,000033.png,18,2,car,0.9175980687141418,941.666015625,175.2340850830078,1201.7542724609375,371.3824462890625,11.683133001497481
0003,34,000034.png,1,2,car,0.7886183261871338,670.3428955078125,183.0293426513672,791.60400390625,253.448486328125,11.832733998744516
0003,34,000034.png,18,2,car,0.8979417681694031,926.5363159179688,174.5072784423828,1196.6441650390625,372.43841552734375,11.832733998744516
0003,35,000035.png,1,2,car,0.8400270342826843,664.8949584960938,183.28260803222656,780.2246704101562,250.80245971679688,11.728251000022283
0003,35,000035.png,18,2,car,0.8941279053688049,911.1544189453125,173.9598388671875,1192.6220703125,373.85296630859375,11.728251000022283
0003,36,000036.png,1,2,car,0.8980154991149902,657.54736328125,181.43142700195312,770.5919799804688,248.5232696533203,10.286855998856481
0003,36,000036.png,18,2,car,0.894446849822998,895.5172729492188,172.7657928466797,1189.31103515625,374.6697082519531,10.286855998856481
0003,37,000037.png,1,2,car,0.8506118059158325,651.2626953125,180.8531494140625,759.079833984375,245.48489379882812,11.556090998055879
0003,37,000037.png,18,2,car,0.9318137168884277,880.149658203125,171.09544372558594,1186.902587890625,374.8481750488281,11.556090998055879
0003,38,000038.png,1,2,car,0.8421533703804016,643.8198852539062,180.83670043945312,749.5220947265625,244.9844970703125,11.261637999268714
0003,38,000038.png,18,2,car,0.8910382986068726,858.3340454101562,171.32447814941406,1173.5142822265625,374.5074462890625,11.261637999268714
0003,39,000039.png,1,2,car,0.8269218802452087,637.9415893554688,181.95921325683594,737.153076171875,242.57777404785156,10.59437000003527
0003,39,000039.png,18,2,car,0.9026756286621094,826.6090087890625,171.64459228515625,1145.5172119140625,373.7237548828125,10.59437000003527
0003,40,000040.png,1,2,car,0.8307593464851379,630.9216918945312,182.22573852539062,727.4711303710938,241.91294860839844,11.53115700071794
0003,40,000040.png,18,2,car,0.8826326727867126,792.97705078125,171.5289306640625,1113.7904052734375,373.36383056640625,11.53115700071794
0003,41,000041.png,1,2,car,0.8033294081687927,623.8280639648438,182.54037475585938,717.7789916992188,241.2350311279297,11.434985000960296
0003,41,000041.png,18,2,car,0.879541277885437,767.4706420898438,174.46546936035156,1076.2733154296875,367.7929992675781,11.434985000960296
0003,42,000042.png,1,2,car,0.8171541094779968,617.0302124023438,183.6578826904297,708.2817993164062,241.10348510742188,11.880226000357652
0003,42,000042.png,18,2,car,0.9086642861366272,741.9628295898438,174.82354736328125,1039.4586181640625,361.2061462402344,11.880226000357652
0003,43,000043.png,1,2,car,0.8376075029373169,609.9886474609375,183.7064666748047,699.2933959960938,240.52049255371094,11.205834001884796
0003,43,000043.png,18,2,car,0.9149829149246216,721.025146484375,175.0397491455078,1004.559814453125,353.1753234863281,11.205834001884796
0003,44,000044.png,1,2,car,0.8604797720909119,603.391845703125,183.76710510253906,689.895263671875,239.35055541992188,11.44092200047453
0003,44,000044.png,18,2,car,0.9062703847885132,704.3246459960938,175.35861206054688,969.657470703125,342.78143310546875,11.44092200047453
0003,45,000045.png,1,2,car,0.8740110993385315,597.6702880859375,182.48129272460938,683.4135131835938,238.23399353027344,11.811363001470454
0003,45,000045.png,18,2,car,0.8993244767189026,688.23291015625,175.8810577392578,939.1174926757812,335.3763732910156,11.811363001470454
0003,46,000046.png,1,2,car,0.7795224785804749,594.15869140625,183.28848266601562,674.0076293945312,235.700927734375,11.85766700291424
0003,46,000046.png,18,2,car,0.8851924538612366,673.8756713867188,175.76904296875,911.5485229492188,328.14068603515625,11.85766700291424
0003,47,000047.png,1,2,car,0.86783766746521,588.7322998046875,184.96871948242188,665.615966796875,235.71217346191406,11.235517002205597
0003,47,000047.png,18,2,car,0.8258020877838135,659.7825317382812,173.53785705566406,888.0374145507812,321.7785339355469,11.235517002205597
0003,48,000048.png,1,2,car,0.7172726392745972,583.4052734375,185.9339599609375,658.19482421875,235.77999877929688,11.654636997263879
0003,48,000048.png,18,2,car,0.8258516788482666,649.30810546875,176.904052734375,863.3778686523438,317.3623352050781,11.654636997263879
0003,49,000049.png,1,2,car,0.7600255608558655,577.942626953125,184.53309631347656,652.4835815429688,234.7989044189453,11.858854999445612
0003,49,000049.png,18,2,car,0.8553051352500916,639.7134399414062,177.474853515625,840.3179321289062,310.4932861328125,11.858854999445612
0003,50,000050.png,1,2,car,0.7967185378074646,575.4054565429688,183.30311584472656,646.5176391601562,231.4878387451172,11.520470998220844
0003,50,000050.png,18,2,car,0.8666511178016663,632.1552124023438,176.20361328125,821.3871459960938,303.19024658203125,11.520470998220844
0003,51,000051.png,1,2,car,0.6849098205566406,572.1812133789062,182.2865447998047,640.8026123046875,229.02999877929688,11.426674001995707
0003,51,000051.png,18,2,car,0.805305004119873,623.9232177734375,174.32054138183594,802.5640869140625,295.5587463378906,11.426674001995707
0003,52,000052.png,1,2,car,0.7625595927238464,567.4369506835938,180.46176147460938,635.0375366210938,227.01756286621094,11.890912002854748
0003,52,000052.png,18,2,car,0.8085116147994995,616.0250244140625,172.77420043945312,785.9324340820312,289.49993896484375,11.890912002854748
0003,53,000053.png,1,2,car,0.7045425772666931,563.1447143554688,178.2236328125,631.4548950195312,226.1982421875,11.924156999157276
0003,53,000053.png,18,2,car,0.8244611024856567,608.78125,171.28163146972656,770.8323974609375,284.01904296875,11.924156999157276
0003,54,000054.png,1,2,car,0.6692416071891785,562.085693359375,183.86817932128906,623.0490112304688,226.53839111328125,12.181803002022207
0003,54,000054.png,18,2,car,0.7792279124259949,606.0353393554688,175.0360107421875,756.754150390625,280.86669921875,12.181803002022207
0003,55,000055.png,1,2,car,0.6514433026313782,555.0374755859375,178.43063354492188,621.9772338867188,226.3663330078125,13.22426100159646
0003,55,000055.png,18,2,car,0.8350829482078552,600.604736328125,177.05519104003906,742.965087890625,278.015625,13.22426100159646
0003,55,000055.png,28,2,car,0.524166464805603,245.0205535888672,181.1095428466797,283.82098388671875,201.53494262695312,13.22426100159646
0003,56,000056.png,1,2,car,0.5360322594642639,553.7991943359375,182.33761596679688,614.6539916992188,226.45864868164062,12.114126999222208
0003,56,000056.png,18,2,car,0.5481473207473755,597.5648193359375,178.67706298828125,731.3609008789062,274.2386474609375,12.114126999222208
0003,56,000056.png,28,2,car,0.5873123407363892,241.17315673828125,182.50439453125,278.6784973144531,202.2308349609375,12.114126999222208
0003,57,000057.png,1,2,car,0.6844377517700195,552.2905883789062,183.92828369140625,610.333984375,226.52474975585938,11.98233499962953
0003,57,000057.png,18,2,car,0.7536852955818176,589.9803466796875,178.1438751220703,723.4412231445312,274.8787841796875,11.98233499962953
0003,57,000057.png,28,2,car,0.6178792715072632,234.41891479492188,182.78399658203125,271.109619140625,202.09329223632812,11.98233499962953
0003,58,000058.png,1,2,car,0.584544837474823,550.3365478515625,183.13470458984375,608.7105712890625,226.5845184326172,12.117688998841913
0003,58,000058.png,18,2,car,0.8915749788284302,587.22607421875,178.80645751953125,712.7081298828125,270.828857421875,12.117688998841913
0003,58,000058.png,28,2,car,0.6324480175971985,229.5664825439453,182.01333618164062,267.8285217285156,202.08326721191406,12.117688998841913
0003,59,000059.png,1,2,car,0.47294923663139343,549.5912475585938,183.64259338378906,605.1119384765625,225.21788024902344,11.391055002604844
0003,59,000059.png,18,2,car,0.8688647150993347,586.5076904296875,178.88133239746094,705.4738159179688,267.4210205078125,11.391055002604844
0003,59,000059.png,28,2,car,0.5925725102424622,225.09811401367188,181.79055786132812,264.1830749511719,202.29640197753906,11.391055002604844
0003,60,000060.png,1,2,car,0.35339024662971497,550.8782958984375,184.12277221679688,604.9457397460938,224.58447265625,11.88260100025218
0003,60,000060.png,18,2,car,0.794617235660553,583.7236328125,179.21165466308594,698.39599609375,265.47247314453125,11.88260100025218
0003,60,000060.png,28,2,car,0.5316459536552429,222.37313842773438,181.2738037109375,260.8684997558594,201.38214111328125,11.88260100025218
0003,61,000061.png,1,2,car,0.5041473507881165,551.1392822265625,184.8519744873047,604.3232421875,224.8572998046875,12.18655200136709
0003,61,000061.png,18,2,car,0.8357509970664978,581.9886474609375,179.59922790527344,692.1841430664062,263.2150573730469,12.18655200136709
0003,61,000061.png,28,2,car,0.6484472155570984,217.88963317871094,181.07876586914062,259.3995056152344,202.6693572998047,12.18655200136709
0003,62,000062.png,1,2,car,0.36458107829093933,552.603759765625,185.76028442382812,602.7352294921875,223.1787567138672,12.085632002708735
0003,62,000062.png,18,2,car,0.8403497338294983,578.2999267578125,179.8817596435547,684.3466186523438,260.8308410644531,12.085632002708735
0003,62,000062.png,28,2,car,0.35771360993385315,210.3807373046875,180.8753662109375,251.8615264892578,202.52108764648438,12.085632002708735
0003,63,000063.png,1,2,car,0.339595228433609,549.3136596679688,187.3121337890625,594.4453735351562,221.05335998535156,10.460203000548063
0003,63,000063.png,18,2,car,0.7943267226219177,573.2559204101562,179.6584930419922,676.5576782226562,259.2255554199219,10.460203000548063
0003,63,000063.png,28,2,car,0.45549824833869934,202.64405822753906,179.02903747558594,249.21197509765625,203.1670684814453,10.460203000548063
0003,64,000064.png,1,2,car,0.2953677177429199,545.5272827148438,188.09107971191406,587.881591796875,219.92910766601562,11.533532000612468
0003,64,000064.png,18,2,car,0.7862222790718079,569.7857666015625,178.61288452148438,670.8993530273438,257.2008972167969,11.533532000612468
0003,64,000064.png,28,2,car,0.3734684884548187,194.97679138183594,178.92787170410156,242.94212341308594,203.56028747558594,11.533532000612468
0003,65,000065.png,18,2,car,0.8556650280952454,566.8892211914062,179.3897247314453,665.2113647460938,256.64007568359375,11.607144999288721
0003,65,000065.png,28,2,car,0.4503549337387085,185.9644317626953,181.17311096191406,233.44154357910156,205.4422607421875,11.607144999288721
0003,66,000066.png,18,2,car,0.644555926322937,565.394287109375,182.61569213867188,658.6891479492188,256.74810791015625,11.331689998769434
0003,66,000066.png,28,2,car,0.4798423647880554,175.4309539794922,185.06544494628906,224.2839813232422,209.5167694091797,11.331689998769434
0003,67,000067.png,18,2,car,0.7498855590820312,563.37548828125,184.8396759033203,654.4869384765625,257.6657409667969,11.402928001189139
0003,67,000067.png,28,2,car,0.5112891793251038,168.43222045898438,187.15005493164062,221.24220275878906,213.192626953125,11.402928001189139
0003,68,000068.png,18,2,car,0.8476672172546387,560.2180786132812,185.03880310058594,647.4844970703125,255.19642639160156,11.41005200042855
0003,68,000068.png,28,2,car,0.40372133255004883,159.15794372558594,186.03839111328125,214.161865234375,212.8760986328125,11.41005200042855
0003,68,000068.png,1,2,car,0.3215275704860687,536.308837890625,187.71066284179688,580.8660278320312,221.82334899902344,11.41005200042855
0003,69,000069.png,18,2,car,0.8222668170928955,557.2537841796875,181.16793823242188,642.4577026367188,250.01278686523438,11.475352999696042
0003,70,000070.png,18,2,car,0.7501577734947205,557.3593139648438,179.0613555908203,638.2058715820312,244.56637573242188,11.648700998193817
0003,71,000071.png,18,2,car,0.5665095448493958,554.2365112304688,175.80252075195312,636.019775390625,242.2687530517578,11.543030999746406
0003,72,000072.png,18,2,car,0.6337038278579712,551.4114379882812,177.98484802246094,630.5718383789062,242.38458251953125,11.697379999532131
0003,73,000073.png,18,2,car,0.6227555871009827,548.6859130859375,179.38995361328125,627.1661987304688,243.2835235595703,11.151218001032248
0003,74,000074.png,18,2,car,0.6820285320281982,548.3330078125,181.45272827148438,624.1160278320312,243.0101318359375,11.658199997327756
0003,74,000074.png,58,2,car,0.3628423810005188,548.4173583984375,182.19354248046875,621.9945678710938,227.64463806152344,11.658199997327756
0003,75,000075.png,18,2,car,0.3887684643268585,548.9967651367188,180.95455932617188,619.1685180664062,237.7201385498047,11.93602999774157
0003,76,000076.png,18,2,car,0.48924577236175537,549.9966430664062,181.2144317626953,616.9808349609375,235.11834716796875,11.839857997983927
0003,76,000076.png,61,2,car,0.5075176954269409,52.19312286376953,178.55552673339844,148.90145874023438,212.782958984375,11.839857997983927
0003,76,000076.png,58,2,car,0.34693506360054016,553.1522216796875,181.76089477539062,621.5497436523438,224.12301635742188,11.839857997983927
0003,77,000077.png,18,2,car,0.5124704837799072,551.8917236328125,181.38461303710938,614.3383178710938,230.94456481933594,11.902785998245236
0003,77,000077.png,61,2,car,0.737452507019043,40.5699348449707,177.8541717529297,139.2589111328125,212.80845642089844,11.902785998245236
0003,77,000077.png,62,2,car,0.6375418901443481,257.6641845703125,160.79208374023438,309.87664794921875,198.673095703125,11.902785998245236
0003,78,000078.png,18,2,car,0.6486237645149231,548.401123046875,181.59088134765625,617.80126953125,236.66326904296875,11.44092200047453
0003,78,000078.png,61,2,car,0.6570891737937927,24.162948608398438,177.734375,125.82925415039062,213.76731872558594,11.44092200047453
0003,78,000078.png,62,2,car,0.6605194211006165,244.19602966308594,160.3297882080078,298.9762268066406,199.9835968017578,11.44092200047453
0003,79,000079.png,18,2,car,0.7485163807868958,548.5999145507812,181.05532836914062,620.099609375,237.8231964111328,12.109377999877324
0003,79,000079.png,61,2,car,0.6076722741127014,5.541749477386475,176.14930725097656,113.66899871826172,214.4864501953125,12.109377999877324
0003,79,000079.png,62,2,car,0.7061412930488586,226.59378051757812,158.0204315185547,286.68682861328125,201.36190795898438,12.109377999877324
0003,80,000080.png,18,2,car,0.5515686273574829,548.6328125,180.5030975341797,620.3369140625,237.35977172851562,12.230483000166714
0003,80,000080.png,61,2,car,0.7604963779449463,0.0,175.25161743164062,102.64236450195312,214.33248901367188,12.230483000166714
0003,80,000080.png,62,2,car,0.5803819298744202,209.16441345214844,156.32315063476562,272.6788024902344,201.8602752685547,12.230483000166714
0003,81,000081.png,18,2,car,0.6402413845062256,549.20751953125,180.43478393554688,618.66796875,235.74591064453125,12.15805800165981
0003,81,000081.png,61,2,car,0.7522836923599243,0.0,174.57452392578125,94.1180191040039,214.3309783935547,12.15805800165981
0003,81,000081.png,62,2,car,0.7583445310592651,187.34963989257812,154.1703643798828,256.6669616699219,203.519287109375,12.15805800165981
0003,82,000082.png,18,2,car,0.666998028755188,547.9423828125,180.28440856933594,619.3919677734375,237.7621307373047,12.12006299829227
0003,82,000082.png,61,2,car,0.7455766201019287,0.0,175.12896728515625,84.57907104492188,214.31997680664062,12.12006299829227
0003,82,000082.png,62,2,car,0.6024908423423767,163.69189453125,152.3958282470703,238.38255310058594,204.95150756835938,12.12006299829227
0003,83,000083.png,18,2,car,0.6616024374961853,550.7149047851562,180.8431854248047,619.2747192382812,236.33184814453125,14.495871000690386
0003,83,000083.png,61,2,car,0.7456092834472656,0.0,174.8406219482422,76.39596557617188,215.03720092773438,14.495871000690386
0003,83,000083.png,62,2,car,0.7848790287971497,138.41107177734375,152.24288940429688,220.17108154296875,208.88583374023438,14.495871000690386
0003,84,000084.png,18,2,car,0.5794239640235901,554.6206665039062,181.88487243652344,619.5996704101562,234.7184600830078,14.653783000539988
0003,84,000084.png,61,2,car,0.7543424367904663,0.0,174.16183471679688,65.27925109863281,213.91075134277344,14.653783000539988
0003,84,000084.png,62,2,car,0.5808838605880737,105.25804901123047,149.9633026123047,196.43988037109375,212.17848205566406,14.653783000539988
0003,84,000084.png,58,2,car,0.35667189955711365,560.3199462890625,182.1355438232422,619.6307983398438,219.0983428955078,14.653783000539988
0003,85,000085.png,18,2,car,0.5275740027427673,554.6499633789062,180.4859619140625,620.5167236328125,234.2677001953125,14.246536000428023
0003,85,000085.png,62,2,car,0.5783783197402954,65.33472442626953,146.8997039794922,166.44955444335938,214.41714477539062,14.246536000428023
0003,86,000086.png,18,2,car,0.3883401155471802,556.112548828125,178.86146545410156,622.5680541992188,233.09228515625,13.958020001155091
0003,86,000086.png,62,7,truck,0.38397136330604553,25.72758674621582,144.09780883789062,134.78109741210938,215.50131225585938,13.958020001155091
0003,87,000087.png,18,2,car,0.596097469329834,557.803466796875,176.69117736816406,622.6084594726562,229.52383422851562,12.470319998101331
0003,87,000087.png,62,7,truck,0.7614575624465942,0.0,140.34176635742188,111.11695861816406,216.9495086669922,12.470319998101331
0003,87,000087.png,58,2,car,0.31140458583831787,556.8433837890625,175.44644165039062,620.4200439453125,215.4850311279297,12.470319998101331
0003,88,000088.png,18,2,car,0.41893500089645386,560.405029296875,176.4399871826172,619.1857299804688,224.16517639160156,11.931280998396687
0003,88,000088.png,62,7,truck,0.5529372692108154,0.0,138.7061309814453,84.32400512695312,216.7322998046875,11.931280998396687
0003,88,000088.png,69,2,car,0.41168761253356934,324.9125671386719,170.3916015625,349.4205322265625,188.31056213378906,11.931280998396687
0003,89,000089.png,18,2,car,0.3627099096775055,561.65185546875,177.62026977539062,616.9913940429688,222.44024658203125,11.575087999517564
0003,89,000089.png,69,2,car,0.5426597595214844,323.6713562011719,170.83482360839844,348.14715576171875,188.61366271972656,11.575087999517564
0003,90,000090.png,69,2,car,0.5129780769348145,320.59356689453125,171.2318115234375,344.8802185058594,188.72418212890625,11.987084999418585
0003,91,000091.png,69,2,car,0.403451532125473,316.4560241699219,171.12283325195312,342.87469482421875,189.8901824951172,11.553716998605523
0003,93,000093.png,18,2,car,0.47543779015541077,569.6046142578125,181.9730224609375,612.8379516601562,216.74887084960938,12.050011999235721
0003,94,000094.png,69,2,car,0.3391735553741455,305.2489013671875,171.92657470703125,332.9742126464844,191.20166015625,11.40174100146396
0003,95,000095.png,69,2,car,0.38738706707954407,300.3154602050781,170.7859649658203,329.78515625,190.7547149658203,11.78286700087483
0003,95,000095.png,18,2,car,0.33997055888175964,565.6358642578125,176.62362670898438,613.3202514648438,215.06130981445312,11.78286700087483
0003,96,000096.png,69,2,car,0.4194296896457672,293.17828369140625,170.07388305664062,322.47247314453125,189.65121459960938,11.53115700071794
0003,96,000096.png,18,2,car,0.5287488102912903,564.4995727539062,173.6636505126953,615.9219970703125,215.42868041992188,11.53115700071794
0003,98,000098.png,18,2,car,0.39338526129722595,563.4396362304688,173.31723022460938,616.69287109375,216.5745086669922,11.597647000598954
0003,99,000099.png,18,2,car,0.7458100914955139,565.0807495117188,175.5345916748047,617.4939575195312,218.1519012451172,11.546592999366112
0003,100,000100.png,18,2,car,0.6844063997268677,564.97900390625,178.42550659179688,617.5386962890625,221.33978271484375,11.907534000783926
0003,101,000101.png,18,2,car,0.5103681087493896,568.544921875,179.22373962402344,616.135986328125,218.3616943359375,11.704504999215715
0003,102,000102.png,18,2,car,0.49002644419670105,570.3023071289062,179.21665954589844,616.5895385742188,217.5926513671875,11.648701001831796
0003,103,000103.png,18,2,car,0.47601252794265747,570.6224365234375,180.0362091064453,616.8446655273438,218.0428924560547,11.430235997977434
0003,104,000104.png,18,2,car,0.5805880427360535,570.95361328125,180.78602600097656,616.4788208007812,217.84617614746094,14.09812299971236
0003,105,000105.png,18,2,car,0.3544941246509552,573.4988403320312,180.3052520751953,614.9972534179688,213.52932739257812,14.42344500173931
0003,106,000106.png,18,2,car,0.4164314270019531,574.7225341796875,178.63729858398438,614.8735961914062,210.40493774414062,14.409196999622509
0003,107,000107.png,18,2,car,0.5264635682106018,571.0882568359375,177.29678344726562,616.9699096679688,213.90147399902344,11.67007299955003
0003,107,000107.png,88,2,car,0.4849609434604645,256.4750061035156,174.85641479492188,300.41925048828125,199.42625427246094,11.67007299955003
0003,108,000108.png,18,2,car,0.40494486689567566,573.10791015625,177.1822509765625,615.9122314453125,210.98036193847656,11.543029999302235
0003,108,000108.png,88,2,car,0.4581453204154968,248.92169189453125,173.4895477294922,294.17608642578125,198.79881286621094,11.543029999302235
0003,109,000109.png,18,2,car,0.4233067035675049,570.88525390625,176.24049377441406,618.8096923828125,214.5267791748047,11.535907000506995
0003,110,000110.png,18,2,car,0.4474271237850189,572.0999755859375,175.67442321777344,618.7643432617188,213.04119873046875,12.460821002605371
0003,114,000114.png,106,2,car,0.5338122844696045,182.33251953125,178.8326873779297,245.5242919921875,208.48345947265625,12.102253996999934
0003,117,000117.png,112,2,car,0.5189083218574524,44.91358947753906,177.26148986816406,141.43910217285156,209.55165100097656,12.108189999707974
0003,117,000117.png,18,2,car,0.3041333556175232,577.1422119140625,176.334716796875,622.678466796875,212.83218383789062,12.108189999707974
0003,118,000118.png,112,2,car,0.5703871846199036,20.14512062072754,176.35133361816406,126.45024871826172,211.97235107421875,12.002520001260564
0003,118,000118.png,113,2,car,0.5446561574935913,124.8714370727539,175.19227600097656,193.3956298828125,207.37535095214844,12.002520001260564
0003,119,000119.png,112,2,car,0.5341545343399048,0.0,176.64804077148438,114.01583862304688,215.84963989257812,11.357810002664337
0003,119,000119.png,113,2,car,0.6547407507896423,114.07149505615234,179.00299072265625,181.64830017089844,210.53155517578125,11.357810002664337
0003,120,000120.png,112,2,car,0.5211251378059387,0.0,179.54808044433594,99.10360717773438,219.7792205810547,11.746059997676639
0003,120,000120.png,113,2,car,0.5885200500488281,84.54557800292969,180.39727783203125,157.8683624267578,214.57748413085938,11.746059997676639
0003,120,000120.png,106,2,car,0.45871251821517944,186.6902313232422,179.469970703125,245.72654724121094,208.04354858398438,11.746059997676639
0003,121,000121.png,18,2,car,0.3842847943305969,579.5531005859375,181.54800415039062,622.2393798828125,215.9871063232422,12.036950996844098
0003,122,000122.png,18,2,car,0.5360286831855774,580.0314331054688,181.49575805664062,622.8846435546875,216.25205993652344,12.274413998966338
0003,123,000123.png,18,2,car,0.3499792814254761,579.1932373046875,180.56788635253906,622.2339477539062,215.75265502929688,12.376522001432022
0003,123,000123.png,121,2,car,0.5942404866218567,118.20668029785156,179.29014587402344,197.7971649169922,211.9129638671875,12.376522001432022
0003,123,000123.png,113,2,car,0.5997181534767151,47.553245544433594,179.17105102539062,129.82164001464844,218.1264190673828,12.376522001432022
0003,124,000124.png,18,2,car,0.42806169390678406,579.0978393554688,180.8321990966797,621.3870849609375,215.64866638183594,12.180616002297029
0003,124,000124.png,121,2,car,0.6249846816062927,102.99026489257812,178.22088623046875,185.7086181640625,212.09124755859375,12.180616002297029
0003,124,000124.png,113,2,car,0.6829200983047485,17.73595428466797,180.60101318359375,100.05255889892578,218.9876251220703,12.180616002297029
0003,125,000125.png,18,2,car,0.4497302174568176,578.19677734375,180.61209106445312,621.00634765625,216.06143188476562,11.824422999779927
0003,125,000125.png,121,2,car,0.6147767901420593,82.04841613769531,179.70387268066406,164.68055725097656,213.4312744140625,11.824422999779927
0003,125,000125.png,113,2,car,0.6418287754058838,0.0,180.1162109375,83.0606460571289,220.6924285888672,11.824422999779927
0003,126,000126.png,18,2,car,0.4395686984062195,579.6837158203125,181.73745727539062,619.6217041015625,214.7839813232422,10.695289998693625
0003,126,000126.png,121,2,car,0.6484318375587463,59.70859909057617,181.94984436035156,147.0705108642578,217.46641540527344,10.695289998693625
0003,126,000126.png,113,2,car,0.6876146793365479,0.0,178.7410888671875,69.56522369384766,221.69422912597656,10.695289998693625
0003,127,000127.png,18,2,car,0.5134514570236206,580.4568481445312,182.49334716796875,618.4315795898438,213.6093292236328,11.54659199892194
0003,127,000127.png,121,2,car,0.6067252159118652,34.50590515136719,182.3951416015625,123.3271713256836,218.29026794433594,11.54659199892194
0003,128,000128.png,18,2,car,0.4594476521015167,581.1127319335938,182.22320556640625,618.781005859375,212.89169311523438,12.2791630019492
0003,128,000128.png,121,2,car,0.45258861780166626,6.334619998931885,183.3474578857422,93.90902709960938,218.7676544189453,12.2791630019492
0003,129,000129.png,18,2,car,0.3221852481365204,581.2169189453125,179.38909912109375,620.544677734375,211.4676055908203,11.993020998488646
0003,130,000130.png,18,2,car,0.46882572770118713,581.827880859375,178.61764526367188,621.021240234375,210.61923217773438,12.168743000074755
0003,130,000130.png,121,2,car,0.6339164972305298,0.0,181.90977478027344,73.7033920288086,217.4738311767578,12.168743000074755
0003,131,000131.png,18,2,car,0.4039033055305481,582.1316528320312,177.58514404296875,623.025146484375,211.09706115722656,12.160432001110166
0003,131,000131.png,121,2,car,0.5584678649902344,0.0,180.59852600097656,64.23271179199219,218.23272705078125,12.160432001110166
0003,132,000132.png,18,2,car,0.31342336535453796,583.4452514648438,177.36737060546875,624.2056274414062,210.72694396972656,10.805710997374263
0003,133,000133.png,18,2,car,0.43469443917274475,583.2359619140625,176.85244750976562,625.451904296875,211.4401092529297,11.286572000244632
0003,134,000134.png,18,2,car,0.6132978200912476,584.0596313476562,175.4860382080078,627.03759765625,210.78367614746094,10.581309001281625
0003,135,000135.png,18,2,car,0.49071213603019714,585.6273803710938,174.60728454589844,627.065673828125,208.9054412841797,11.825610003143083
0003,135,000135.png,130,2,car,0.5408610105514526,309.3277893066406,175.00279235839844,342.10150146484375,196.09225463867188,11.825610003143083
0003,136,000136.png,18,2,car,0.544856607913971,586.6677856445312,174.01617431640625,626.5958862304688,207.2209014892578,12.13549900057842
0003,136,000136.png,130,2,car,0.5437152981758118,305.9097900390625,173.73971557617188,339.29461669921875,195.22366333007812,12.13549900057842
0003,137,000137.png,18,2,car,0.461988240480423,588.9667358398438,173.11289978027344,626.774658203125,204.606689453125,11.291320999589516
0003,137,000137.png,130,2,car,0.530586838722229,297.0771179199219,172.18263244628906,331.1869812011719,194.09840393066406,11.291320999589516
0003,138,000138.png,18,2,car,0.5135841369628906,590.4757690429688,172.46900939941406,627.5458984375,203.2936248779297,11.318627999571618
0003,138,000138.png,130,2,car,0.5877748727798462,289.65509033203125,171.31439208984375,325.1383361816406,194.09225463867188,11.318627999571618
0003,139,000139.png,18,2,car,0.5269829630851746,590.1694946289062,173.0576934814453,629.1735229492188,205.4965057373047,11.353060002875281
0003,139,000139.png,130,2,car,0.5206663608551025,281.9412841796875,172.77609252929688,317.5821533203125,195.51902770996094,11.353060002875281
0003,140,000140.png,130,2,car,0.5416439175605774,272.157958984375,177.83724975585938,309.2254333496094,201.47500610351562,11.501474000397138
0003,141,000141.png,130,2,car,0.5833439826965332,260.6544494628906,179.26846313476562,298.8150329589844,203.7762451171875,11.489602002257016
0003,141,000141.png,18,2,car,0.5687288045883179,588.7540283203125,179.55010986328125,627.4366455078125,211.4638214111328,11.489602002257016
0003,142,000142.png,130,2,car,0.5073726177215576,249.59132385253906,180.2330780029297,286.4031982421875,204.13687133789062,11.657011997158406
0003,143,000143.png,18,2,car,0.3076303005218506,588.6630859375,179.883544921875,625.1810913085938,209.58018493652344,11.468230000900803
